7220201010,Stainless Cold Rolled Strip
7220201015,Stainless Cold Rolled Strip
7220201060,Stainless Cold Rolled Strip
7220201080,Stainless Cold Rolled Strip
7220206005,Stainless Cold Rolled Strip
7220206010,Stainless Cold Rolled Strip
7220206015,Stainless Cold Rolled Strip
7220206060,Stainless Cold Rolled Strip
7220206080,Stainless Cold Rolled Strip
7220207005,Stainless Cold Rolled Strip
7220207010,Stainless Cold Rolled Strip
7220207015,Stainless Cold Rolled Strip
7220207060,Stainless Cold Rolled Strip
7220207080,Stainless Cold Rolled Strip
7220208000,Stainless Cold Rolled Strip
7220209030,Stainless Cold Rolled Strip
7220209060,Stainless Cold Rolled Strip
7220900010,Stainless Cold Rolled Strip
7220900015,Stainless Cold Rolled Strip
7220900060,Stainless Cold Rolled Strip
7220900080,Stainless Cold Rolled Strip
7219320005,Stainless Cold Rolled Sheets
7219320020,Stainless Cold Rolled Sheets
7219320025,Stainless Cold Rolled Sheets
7219320035,Stainless Cold Rolled Sheets
7219320036,Stainless Cold Rolled Sheets
7219320038,Stainless Cold Rolled Sheets
7219320042,Stainless Cold Rolled Sheets
7219320044,Stainless Cold Rolled Sheets
7219320045,Stainless Cold Rolled Sheets
7219320060,Stainless Cold Rolled Sheets
7219330005,Stainless Cold Rolled Sheets
7219330020,Stainless Cold Rolled Sheets
7219330025,Stainless Cold Rolled Sheets
7219330035,Stainless Cold Rolled Sheets
7219330036,Stainless Cold Rolled Sheets
7219330038,Stainless Cold Rolled Sheets
7219330042,Stainless Cold Rolled Sheets
7219330044,Stainless Cold Rolled Sheets
7219330045,Stainless Cold Rolled Sheets
7219330070,Stainless Cold Rolled Sheets
7219330080,Stainless Cold Rolled Sheets
7219340005,Stainless Cold Rolled Sheets
7219340020,Stainless Cold Rolled Sheets
7219340025,Stainless Cold Rolled Sheets
7219340030,Stainless Cold Rolled Sheets
7219340035,Stainless Cold Rolled Sheets
7219340050,Stainless Cold Rolled Sheets
7219350005,Stainless Cold Rolled Sheets
7219350015,Stainless Cold Rolled Sheets
7219350030,Stainless Cold Rolled Sheets
7219350035,Stainless Cold Rolled Sheets
7219350050,Stainless Cold Rolled Sheets
7219900010,Stainless Cold Rolled Sheets
7219900020,Stainless Cold Rolled Sheets
7219900025,Stainless Cold Rolled Sheets
7219900060,Stainless Cold Rolled Sheets
7219900080,Stainless Cold Rolled Sheets